codigo,municipio,ipm,analfabetismo,bajo_logro_educativo,barreras_primera_infancia,inasistencia_escolar,rezago_escolar,trabajo_infantil,barreras_acceso_salud,sin_aseguramiento_salud,tasa_dependencia,trabajo_informal,hacinamiento_critico,eliminacion_excretas,paredes_inadecuadas,pisos_inadecuados,sin_fuente_agua_mejorada
68001,BUCARAMANGA,14.2,4.8,32.7,1.9,2.8,10.8,0.6,4.1,19.7,25.4,77.5,7.4,4.2,1.5,0.7,5.1
68013,AGUADA,41.8,26.7,81.2,2.4,3.3,11.9,1.0,2.2,13.8,57.7,91.9,4.5,14.8,0.2,13.9,6.7
68020,ALBANIA,48.1,20.6,78.6,1.2,2.2,14.0,1.3,5.4,8.9,54.7,92.4,4.5,17.2,2.0,6.4,30.3
68051,ARATOCA,40.6,21.4,72.8,1.3,2.3,10.7,1.3,1.8,11.0,37.7,86.6,9.9,13.1,1.8,28.2,39.7
68077,BARBOSA,21.6,10.6,52.7,1.9,3.7,14.8,1.1,4.7,17.1,27.0,85.9,6.3,4.6,0.9,1.6,4.4
68079,BARICHARA,28.5,11.8,61.1,1.6,2.5,11.6,1.8,12.8,11.2,27.2,87.0,8.4,4.0,0.2,8.4,20.3
68081,BARRANCABERMEJA,26.4,8.0,41.7,2.3,3.5,16.5,0.6,4.3,23.6,39.6,80.5,13.7,13.7,6.9,5.3,3.7
68092,BETULIA,43.9,15.5,72.4,2.6,8.4,21.2,2.8,15.5,16.1,32.7,82.8,7.3,18.1,1.3,15.8,29.0
68101,BOLÍVAR,45.5,25.7,82.7,1.6,5.7,16.0,2.0,1.2,10.5,39.1,91.8,5.7,22.2,0.7,18.2,27.5
68121,CABRERA,34.0,13.0,78.8,1.6,3.1,14.4,2.1,12.5,6.8,40.3,90.1,7.8,12.5,0.4,9.9,13.6
68132,CALIFORNIA,21.2,3.7,46.3,0.9,1.4,13.5,1.0,2.7,16.2,30.7,79.0,7.3,32.0,0.2,4.8,41.9
68147,CAPITANEJO,35.7,17.5,65.5,1.0,1.4,13.1,1.0,5.8,8.7,42.6,89.5,10.9,14.0,0.1,15.8,23.4
68152,CARCASÍ,60.8,19.0,77.3,1.0,2.1,23.1,0.8,16.1,6.7,56.9,95.1,17.7,11.0,0.5,45.2,53.8
68160,CEPITÁ,32.0,16.3,77.1,1.0,5.1,14.1,5.1,3.4,12.5,28.5,90.8,8.3,3.1,0.5,4.2,16.3
68162,CERRITO,41.9,13.6,73.2,2.5,4.8,14.7,2.2,3.8,10.4,46.0,96.1,13.7,7.2,1.2,14.4,37.4
68167,CHARALÁ,26.9,13.7,64.4,1.2,2.8,12.9,1.1,3.9,13.3,34.8,87.8,4.9,7.1,0.6,7.4,10.8
68169,CHARTA,35.1,10.2,75.9,1.4,4.1,16.2,2.1,4.3,13.1,29.1,87.5,6.1,10.2,0.5,9.1,42.6
68176,CHIMA,45.2,20.6,78.5,1.1,3.0,17.0,1.3,3.2,8.6,51.3,89.9,9.3,23.0,0.4,16.8,22.7
68179,CHIPATÁ,42.8,27.5,83.7,0.4,3.2,7.4,1.3,6.8,7.2,48.5,93.6,4.4,13.4,2.0,8.5,27.5
68190,CIMITARRA,36.0,18.4,66.1,2.5,4.7,19.6,2.1,5.8,17.0,34.1,83.8,9.7,11.4,2.6,6.1,12.7
68207,CONCEPCIÓN,36.2,14.7,69.0,1.1,2.5,15.6,0.8,5.6,7.9,45.1,93.2,15.7,7.8,0.7,16.8,29.3
68209,CONFINES,32.6,14.3,78.8,7.6,5.0,11.3,2.2,1.0,11.9,29.0,93.9,5.9,3.7,1.3,5.5,38.7
68211,CONTRATACIÓN,29.2,14.6,69.1,0.8,2.6,12.7,1.4,5.8,7.4,34.9,82.8,5.2,11.1,0.0,5.7,14.6
68217,COROMORO,53.6,19.3,84.0,2.5,7.3,16.0,3.9,2.1,9.6,48.9,94.8,6.9,27.2,0.4,15.5,37.5
68229,CURITÍ,35.7,16.7,66.9,1.1,4.3,16.4,1.8,10.4,12.5,32.1,86.9,10.8,8.9,0.7,11.4,12.7
68235,EL CARMEN DE CHUCURI,58.9,13.7,75.3,2.3,10.9,19.0,2.5,6.0,14.4,55.3,92.7,6.2,51.0,3.0,41.2,38.4
68245,EL GUACAMAYO,33.0,16.5,75.8,1.0,2.4,15.5,1.2,1.9,7.2,27.1,87.0,4.3,37.6,0.3,6.0,32.0
68250,EL PEÑÓN,57.8,28.2,82.5,2.3,11.6,22.8,7.7,1.2,15.8,33.2,95.4,10.6,39.4,0.7,18.0,48.0
68255,EL PLAYÓN,45.7,17.2,71.8,2.1,7.7,18.4,1.8,5.9,13.7,35.5,88.4,13.7,27.3,10.8,18.1,44.1
68264,ENCINO,32.0,13.9,81.1,1.7,6.6,14.5,8.6,0.4,11.2,22.5,93.4,6.5,19.7,0.1,10.8,19.3
68266,ENCISO,35.3,17.9,69.7,0.4,1.8,15.2,0.9,2.6,7.8,38.7,90.5,15.3,6.5,0.3,23.3,34.5
68271,FLORIÁN,56.0,25.4,78.6,1.6,3.6,21.0,1.0,7.1,9.8,57.0,91.3,7.8,18.4,1.6,13.6,35.7
68276,FLORIDABLANCA,11.0,4.2,30.7,1.9,2.3,12.4,0.6,3.2,19.8,22.9,76.3,5.1,2.4,1.1,0.6,3.3
68296,GALÁN,41.9,18.0,78.3,0.7,3.2,12.0,2.1,2.4,8.1,43.6,92.0,10.6,19.0,1.2,25.3,24.8
68298,GÁMBITA,51.1,16.8,76.8,1.4,5.0,20.6,3.1,11.0,8.0,37.9,92.8,6.5,36.1,1.8,27.0,55.1
68307,GIRÓN,16.5,6.3,41.9,2.1,3.9,14.9,0.8,3.0,15.5,26.5,79.2,8.5,6.0,1.1,1.3,12.5
68318,GUACA,60.3,12.2,78.9,1.8,6.6,22.9,0.6,6.5,10.1,71.5,93.9,11.8,5.3,0.0,15.4,42.5
68320,GUADALUPE,39.1,17.5,71.2,1.0,2.3,12.0,1.7,4.2,13.2,32.3,90.1,4.6,29.6,1.6,7.0,36.4
68322,GUAPOTÁ,31.4,15.0,77.9,1.1,3.5,15.0,2.0,1.7,12.4,42.0,85.3,5.9,5.6,0.7,5.8,16.1
68324,GUAVATÁ,40.4,24.6,76.0,1.6,3.2,8.5,1.3,1.5,12.4,33.5,93.9,3.4,13.3,1.2,27.1,44.6
68327,GÜEPSA,29.6,20.5,68.1,0.9,2.8,11.1,1.5,6.0,12.0,35.9,90.0,6.9,9.1,2.7,5.4,15.5
68344,HATO,46.9,20.0,77.7,1.0,4.0,17.6,1.0,4.2,9.2,52.1,88.8,6.4,8.9,0.1,19.2,23.0
68368,JESÚS MARÍA,40.8,20.5,75.9,1.4,1.5,12.5,0.9,2.1,9.6,42.3,88.6,5.8,9.2,0.7,28.0,20.9
68370,JORDÁN,53.7,28.8,86.1,3.6,10.3,26.7,6.4,0.3,11.8,29.7,91.8,17.9,20.3,0.3,30.9,43.0
68377,LA BELLEZA,36.1,12.6,73.4,1.3,4.7,20.0,2.0,0.6,12.9,34.5,90.7,5.5,27.6,0.8,2.0,32.0
68385,LANDÁZURI,49.1,22.5,73.6,1.6,5.1,16.9,2.5,11.3,14.5,36.6,89.3,6.1,28.6,2.3,5.2,50.1
68397,LA PAZ,36.1,26.5,85.9,1.7,4.6,18.4,2.3,0.9,7.8,25.5,92.7,1.7,16.9,0.6,7.4,28.5
68406,LEBRIJA,27.0,10.4,58.6,2.1,3.6,16.6,1.8,6.8,14.0,28.9,80.3,9.3,8.1,1.3,3.3,17.3
68418,LOS SANTOS,44.6,17.3,73.2,2.0,4.6,14.6,1.2,4.8,11.5,44.6,81.1,9.0,13.5,0.7,6.6,53.6
68425,MACARAVITA,50.3,20.0,72.6,0.8,2.0,17.1,2.5,1.7,11.4,49.7,88.9,13.6,14.8,0.5,35.3,60.6
68432,MÁLAGA,19.3,7.3,44.0,1.3,1.7,17.2,0.7,5.4,11.9,36.1,84.8,8.6,1.6,0.1,2.8,11.2
68444,MATANZA,38.2,14.8,74.2,1.9,5.3,11.3,1.3,0.3,13.1,33.8,90.6,6.2,22.7,0.6,12.0,39.3
68464,MOGOTES,49.4,19.0,76.1,1.2,4.9,20.9,2.9,11.4,12.3,42.3,91.8,11.3,15.4,0.9,22.3,30.3
68468,MOLAGAVITA,51.9,18.2,80.6,1.0,3.4,18.2,2.4,0.8,9.0,44.5,92.0,15.4,13.5,0.4,58.0,77.0
68498,OCAMONTE,38.6,19.0,82.7,0.9,4.0,13.9,2.4,2.2,8.7,45.9,94.2,5.0,9.4,1.1,8.4,18.8
68500,OIBA,31.8,15.2,68.2,1.4,2.2,9.6,1.8,6.0,13.6,35.7,88.1,5.6,11.8,1.4,6.7,25.6
68502,ONZAGA,55.1,16.8,79.1,0.7,4.6,15.8,1.7,4.4,8.5,52.7,91.0,12.1,19.8,0.3,40.0,61.7
68522,PALMAR,32.5,19.5,70.1,1.0,1.4,15.4,1.7,0.5,10.6,39.3,84.6,8.9,6.5,0.2,7.2,0.2
68524,PALMAS DEL SOCORRO,27.3,16.1,70.7,1.4,2.1,13.5,1.0,0.6,10.0,36.2,90.1,6.7,3.2,0.5,2.5,21.6
68533,PÁRAMO,31.5,10.3,73.2,1.2,5.1,20.3,3.3,5.3,8.2,31.5,88.4,7.7,2.4,0.9,4.5,26.2
68547,PIEDECUESTA,16.2,6.1,40.3,2.2,3.1,14.3,1.0,5.6,18.3,25.8,79.7,7.0,2.7,0.3,1.2,8.9
68549,PINCHOTE,23.8,9.8,55.9,1.2,1.6,13.9,0.6,7.0,9.2,38.6,83.9,4.9,3.8,0.7,6.3,19.9
68572,PUENTE NACIONAL,26.4,13.3,64.8,1.2,2.1,10.4,1.3,1.2,11.4,32.5,85.2,3.6,7.1,0.4,8.2,22.2
68573,PUERTO PARRA,36.1,16.6,69.6,2.4,5.4,24.2,1.1,6.5,15.5,33.4,74.7,9.7,13.5,4.5,8.9,10.9
68575,PUERTO WILCHES,40.3,18.1,65.9,2.5,6.1,18.5,1.3,7.3,16.0,40.7,78.6,13.6,18.4,9.0,26.3,8.8
68615,RIONEGRO,37.8,17.5,71.6,2.5,6.1,17.6,1.8,0.7,17.7,30.9,84.1,7.4,18.0,1.6,10.3,31.0
68655,SABANA DE TORRES,36.6,15.2,62.7,3.2,4.5,22.4,1.6,7.6,19.0,39.1,77.2,14.7,13.5,12.5,11.3,9.9
68669,SAN ANDRÉS,42.4,15.4,76.1,1.5,2.8,15.6,1.2,5.4,12.0,47.0,89.5,9.9,6.4,0.1,12.7,32.7
68673,SAN BENITO,49.8,23.2,84.1,1.3,3.2,14.0,2.1,1.2,9.7,37.3,95.2,3.4,21.7,1.1,8.6,68.9
68679,SAN GIL,13.7,6.1,38.8,1.5,1.8,9.8,0.7,5.6,13.8,26.6,79.5,6.1,1.7,0.5,1.7,4.6
68682,SAN JOAQUÍN,41.4,17.6,75.4,1.6,5.5,17.5,4.5,0.5,7.3,38.9,89.5,10.1,9.3,0.3,16.3,43.1
68684,SAN JOSÉ DE MIRANDA,47.6,19.2,72.4,1.5,3.7,19.2,2.0,8.7,10.5,39.6,89.9,12.7,7.6,1.9,24.6,52.3
68686,SAN MIGUEL,33.6,20.8,71.3,1.6,1.7,17.1,1.7,0.9,8.6,32.0,86.6,8.6,6.8,0.9,21.6,14.9
68689,SAN VICENTE DE CHUCURÍ,34.9,14.7,69.4,1.8,4.0,14.4,1.8,3.2,14.3,35.2,85.1,5.8,27.3,1.6,21.8,20.5
68705,SANTA BÁRBARA,53.8,16.6,79.5,1.1,5.4,20.5,3.8,2.0,14.1,45.6,88.6,6.4,22.4,0.7,22.8,71.3
68720,SANTA HELENA DEL OPÓN,47.9,18.3,76.4,2.3,8.1,18.0,4.3,3.6,9.9,36.6,92.7,5.8,46.9,2.8,8.7,25.4
68745,SIMACOTA,44.5,20.8,76.4,2.2,6.5,19.4,2.5,3.6,11.7,40.3,86.9,7.6,30.0,1.3,15.2,21.0
68755,SOCORRO,15.1,8.1,44.4,1.2,2.0,12.7,1.2,5.1,13.9,26.5,82.1,4.2,1.3,0.2,0.5,5.7
68770,SUAITA,37.8,17.0,72.7,0.9,2.8,12.7,1.2,5.0,10.7,35.4,89.9,3.5,20.6,2.8,10.6,35.3
68773,SUCRE,47.1,19.0,80.0,2.3,5.0,19.9,2.9,4.0,11.4,39.0,93.5,4.9,29.0,0.1,10.4,39.9
68780,SURATÁ,44.2,13.4,75.0,2.8,6.7,14.5,2.7,0.3,13.5,39.7,87.9,8.1,16.0,0.5,11.0,57.7
68820,TONA,45.8,12.4,80.5,2.3,9.6,16.2,4.0,0.4,12.3,39.9,93.1,4.7,9.7,0.1,2.6,58.0
68855,VALLE DE SAN JOSÉ,36.6,18.6,67.9,1.1,4.2,15.3,2.7,3.8,10.7,34.0,91.2,5.7,2.5,0.2,4.0,37.7
68861,VÉLEZ,32.3,15.1,55.9,1.4,3.7,11.7,1.1,3.1,13.5,39.0,88.5,4.0,8.1,1.8,5.9,25.4
68867,VETAS,31.9,12.7,60.0,0.7,0.9,12.8,0.5,3.5,11.4,44.4,75.2,4.7,30.0,0.2,6.8,33.6
68872,VILLANUEVA,27.5,13.1,69.6,0.9,3.1,14.6,2.2,8.5,8.5,30.7,90.5,10.7,5.5,0.1,9.6,6.6
68895,ZAPATOCA,26.9,9.6,64.2,1.5,2.8,17.5,2.4,7.0,9.2,30.7,83.5,5.3,8.6,0.1,4.4,16.3
