variable,dimension,n,faltantes,fuera_rango_0_100,media,desv_est,min,max,atipicos_iqr,municipios_atipicos,tratamiento
ipm,Índice,87,0,0,37.72,11.34,11.0,60.8,0,,Atípicos conservados y marcados (diferencias territoriales reales)
analfabetismo,Educación,87,0,0,16.2,5.47,3.7,28.8,4,CALIFORNIA; EL PEÑÓN; FLORIDABLANCA; JORDÁN,Atípicos conservados y marcados (diferencias territoriales reales)
bajo_logro_educativo,Educación,87,0,0,69.91,12.35,30.7,86.1,9,BUCARAMANGA; BARRANCABERMEJA; CALIFORNIA; FLORIDABLANCA; GIRÓN; MÁLAGA; PIEDECUESTA; SAN GIL; SOCORRO,Atípicos conservados y marcados (diferencias territoriales reales)
barreras_primera_infancia,Niñez y juventud,87,0,0,1.64,0.9,0.4,7.6,1,CONFINES,Atípicos conservados y marcados (diferencias territoriales reales)
inasistencia_escolar,Niñez y juventud,87,0,0,4.1,2.2,0.9,11.6,4,EL CARMEN DE CHUCURI; EL PEÑÓN; JORDÁN; TONA,Atípicos conservados y marcados (diferencias territoriales reales)
rezago_escolar,Niñez y juventud,87,0,0,15.78,3.75,7.4,26.7,1,JORDÁN,Atípicos conservados y marcados (diferencias territoriales reales)
trabajo_infantil,Niñez y juventud,87,0,0,2.0,1.43,0.5,8.6,5,CEPITÁ; EL PEÑÓN; ENCINO; JORDÁN; SAN JOAQUÍN,Atípicos conservados y marcados (diferencias territoriales reales)
barreras_acceso_salud,Salud,87,0,0,4.49,3.45,0.3,16.1,4,BARICHARA; BETULIA; CABRERA; CARCASÍ,Atípicos conservados y marcados (diferencias territoriales reales)
sin_aseguramiento_salud,Salud,87,0,0,11.91,3.36,6.7,23.6,1,BARRANCABERMEJA,Atípicos conservados y marcados (diferencias territoriales reales)
tasa_dependencia,Trabajo,87,0,0,38.05,9.05,22.5,71.5,1,GUACA,Atípicos conservados y marcados (diferencias territoriales reales)
trabajo_informal,Trabajo,87,0,0,87.97,5.21,74.7,96.1,0,,Atípicos conservados y marcados (diferencias territoriales reales)
hacinamiento_critico,Vivienda y servicios,87,0,0,8.0,3.53,1.7,17.9,2,CARCASÍ; JORDÁN,Atípicos conservados y marcados (diferencias territoriales reales)
eliminacion_excretas,Vivienda y servicios,87,0,0,14.76,10.62,1.3,51.0,2,EL CARMEN DE CHUCURI; SANTA HELENA DEL OPÓN,Atípicos conservados y marcados (diferencias territoriales reales)
paredes_inadecuadas,Vivienda y servicios,87,0,0,1.33,2.09,0.0,12.5,5,BARRANCABERMEJA; EL PLAYÓN; PUERTO PARRA; PUERTO WILCHES; SABANA DE TORRES,Atípicos conservados y marcados (diferencias territoriales reales)
pisos_inadecuados,Vivienda y servicios,87,0,0,13.06,10.94,0.5,58.0,5,CARCASÍ; EL CARMEN DE CHUCURI; MACARAVITA; MOLAGAVITA; ONZAGA,Atípicos conservados y marcados (diferencias territoriales reales)
sin_fuente_agua_mejorada,Vivienda y servicios,87,0,0,29.06,17.29,0.2,77.0,1,MOLAGAVITA,Atípicos conservados y marcados (diferencias territoriales reales)
